Kanji;Strokes;"On within Joyo";"Kun within Joyo"
亜;7;a;-
哀;9;ai;"awa(re), awa(remu)"
挨;10;ai;-
愛;13;ai;-
曖;17;ai;-
悪;11;"aku, 	o";waru(i)
握;12;aku;nigi(ru)
圧;5;atsu;-
扱;6;-;atsuka(u)
宛;8;-;a(teru)
嵐;12;-;arashi
安;6;an;yasu(i)
案;10;an;-
暗;13;an;kura(i)
以;5;i;-
衣;6;i;koromo
位;7;i;kurai
囲;7;i;"kako(mu), kako(u)"
医;7;i;-
依;8;"i, [e	]";-
委;8;i;yuda(neru)
威;9;i;-
為;9;i;-
畏;9;i;oso(reru)
胃;9;i;-
尉;11;i;-
異;11;i;koto(naru)
移;11;i;"utsu(ru), utsu(su)"
萎;11;i;na(eru)
偉;12;i;era(i)
椅;12;i;-
彙;13;i;-
意;13;i;-
違;13;i;"chiga(u), chiga(eru)"
維;14;i;-
慰;15;i;"nagusa(meru), nagusa(mu)"
遺;15;"i, [yui]";-
緯;16;i;-
域;11;iki;-
育;8;iku;"soda(tsu), soda(teru), haguku(mu)"
一;1;"ichi, 	itsu";"hito, hito(tsu)"
壱;7;ichi;-
逸;11;itsu;-
茨;9;-;[ibara]
芋;6;-;imo
引;4;in;"hi(ku), hi(keru)"
印;6;in;shirushi
因;6;in;yo(ru)
咽;9;in;-
姻;9;in;-
員;10;in;-
院;10;in;-
淫;11;in;mida(ra)
陰;11;in;"kage, kage(ru)"
飲;12;in;no(mu)
隠;14;in;"kaku(su), kaku(reru)"
韻;19;in;-
右;5;"u, 	yuu";migi
宇;6;u;-
羽;6;u;"ha, hane"
雨;8;u;"ame, [ama]"
唄;10;-;[uta]
鬱;29;utsu;-
畝;10;-;une
浦;10;-;ura
運;12;un;hako(bu)
雲;12;un;kumo
永;5;ei;naga(i)
泳;8;ei;oyo(gu)
英;8;ei;-
映;9;ei;"utsu(ru), utsu(su), ha(eru)"
栄;9;ei;"saka(eru), ha(e), ha(eru)"
営;12;ei;itona(mu)
詠;12;ei;yo(mu)
影;15;ei;kage
鋭;15;ei;surudo(i)
衛;16;ei;-
易;8;"i, 	eki";yasa(shii)
疫;9;"eki, [yaku]";-
益;10;"eki, [yaku]";-
液;11;eki;-
駅;14;eki;-
悦;10;etsu;-
越;12;etsu;"ko(su), ko(eru)"
謁;15;etsu;-
閲;15;etsu;-
円;4;en;maru(i)
延;8;en;"no(biru), no(beru), no(basu)"
沿;8;en;so(u)
炎;8;en;honoo
怨;9;"en, on";-
宴;10;en;-
媛;12;en;-
援;12;en;-
園;13;en;sono
煙;13;en;"kemu(ru), kemuri, kemu(i)"
猿;13;en;saru
遠;13;"en, [on]";too(i)
鉛;13;en;namari
塩;13;en;shio
演;14;en;-
縁;15;en;fuchi
艶;19;en;tsuya
汚;6;o;"kega(su), kega(reru), kega(rawashii), yogo(su), yogo(reru), kitana(i)"
王;4;oo;-
凹;5;oo;-
央;5;oo;-
応;7;oo;kota(eru)
往;8;oo;-
押;8;oo;"o(su), o(saeru)"
旺;8;oo;-
欧;8;oo;-
殴;8;oo;nagu(ru)
桜;10;oo;sakura
翁;10;oo;-
奥;12;oo;oku
横;15;oo;yoko
岡;8;-;[oka]
屋;9;oku;ya
億;15;oku;-
憶;16;oku;-
臆;17;oku;-
虞;13;-;osore
乙;1;otsu;-
俺;10;-;ore
卸;9;-;"oro(su), oroshi"
音;9;"on, 	in";"oto, ne"
恩;10;on;-
温;12;on;"atata(ka), atata(kai), atata(maru), atata(meru)"
穏;16;on;oda(yaka)
下;3;"ka, 	ge";"shita, shimo, moto, sa(geru), sa(garu), kuda(ru), kuda(su), kuda(saru), o(rosu), o(riru)"
化;4;"ka, 	ke";"ba(keru), ba(kasu)"
火;4;ka;"hi, [ho]"
加;5;ka;"kuwa(eru), kuwa(waru)"
可;5;ka;-
仮;6;"ka, [ke]";kari
何;7;ka;"nani, [nan]"
花;7;ka;hana
佳;8;ka;-
価;8;ka;atai
果;8;ka;"ha(tasu), ha(teru), ha(te)"
河;8;ka;kawa
苛;8;ka;-
科;9;ka;-
架;9;ka;"ka(keru), ka(karu)"
夏;10;"ka, [ge]";natsu
家;10;"ka, 	ke";"ie, ya"
荷;10;ka;ni
華;10;"ka, [ke]";hana
菓;11;ka;-
貨;11;ka;-
渦;12;ka;uzu
過;12;ka;"su(giru), su(gosu), ayama(tsu), ayama(chi)"
嫁;13;ka;"yome, totsu(gu)"
暇;13;ka;hima
禍;13;ka;-
靴;13;ka;kutsu
寡;14;ka;-
歌;14;ka;"uta, uta(u)"
箇;14;ka;-
稼;15;ka;kase(gu)
課;15;ka;-
蚊;10;-;ka
牙;4;"ga, [ge]";kiba
瓦;5;ga;kawara
我;7;ga;"ware, wa"
画;8;"ga, 	kaku";-
芽;8;ga;me
賀;12;ga;-
雅;13;ga;-
餓;15;ga;-
介;4;kai;-
回;6;"kai, [e]";"mawa(ru), mawa(su)"
灰;6;kai;hai
会;6;"kai, 	e";a(u)
快;7;kai;kokoroyo(i)
戒;7;kai;imashi(meru)
改;7;kai;"arata(meru), arata(maru)"
怪;8;kai;"aya(shii), aya(shimu)"
拐;8;kai;-
悔;9;kai;"ku(iru), ku(yamu), kuya(shii)"
海;9;kai;umi
界;9;kai;-
皆;9;kai;mina
械;11;kai;-
絵;12;"kai, 	e";-
開;12;kai;"hira(ku), hira(keru), a(ku), a(keru)"
階;12;kai;-
塊;13;kai;katamari
楷;13;kai;-
解;13;"kai, 	ge";"to(ku), to(kasu), to(keru)"
潰;15;kai;"tsubu(su), tsubu(reru)"
壊;16;kai;"kowa(su), kowa(reru)"
懐;16;kai;"futokoro, natsu(kashii), natsu(kashimu), natsu(ku), natsu(keru)"
諧;16;kai;-
貝;7;-;kai
外;5;"gai, 	ge";"soto, hoka, ha(zusu), hazu(reru)"
劾;8;gai;-
害;10;gai;-
崖;11;gai;gake
涯;11;gai;-
街;12;"gai, [kai]";machi
慨;13;gai;-
蓋;13;gai;futa
該;13;gai;-
概;14;gai;-
骸;16;gai;-
垣;9;-;kaki
柿;9;-;kaki
各;6;kaku;onoono
角;7;kaku;"kado, tsuno"
拡;8;kaku;-
革;9;kaku;kawa
格;10;"kaku, [koo]";-
核;10;kaku;-
殻;11;kaku;kara
郭;11;kaku;-
覚;12;kaku;"obo(eru), sa(masu), sa(meru)"
較;13;kaku;-
隔;13;kaku;"heda(teru), heda(taru)"
閣;14;kaku;-
確;15;kaku;"tashi(ka), tashi(kameru)"
獲;16;kaku;e(ru)
嚇;17;kaku;-
穫;18;kaku;-
学;8;gaku;mana(bu)
岳;8;gaku;take
楽;13;"gaku, 	raku";"tano(shii), tano(shimu)"
額;18;gaku;hitai
顎;18;gaku;ago
掛;11;-;"ka(keru), ka(karu), kakari"
潟;15;-;kata
括;9;katsu;-
活;9;katsu;-
喝;11;katsu;-
渇;11;katsu;kawa(ku)
割;12;katsu;"wa(ru), wari, wa(reru), sa(ku)"
葛;12;katsu;kuzu
滑;13;"katsu, kotsu";"sube(ru), name(raka)"
褐;13;katsu;-
轄;17;katsu;-
且;5;-;ka(tsu)
株;10;-;kabu
釜;10;‐;kama
鎌;18;‐;kama
刈;4;-;ka(ru)
干;3;kan;"ho(su), hi(ru)"
刊;5;kan;-
甘;5;kan;"ama(i), ama(eru), ama(yakasu)"
汗;6;kan;ase
缶;6;kan;-
完;7;kan;-
肝;7;kan;kimo
官;8;kan;-
冠;9;kan;kanmuri
巻;9;kan;"ma(ku), maki"
看;9;kan;-
陥;10;kan;"ochii(ru), otoshii(reru)"
乾;11;kan;"kawa(ku), kawa(kasu)"
勘;11;kan;-
患;11;kan;wazura(u)
貫;11;kan;tsuranu(ku)
寒;12;kan;samu(i)
喚;12;kan;-
堪;12;kan;ta(eru)
換;12;kan;"ka(eru), ka(waru)"
敢;12;kan;-
棺;12;kan;-
款;12;kan;-
間;12;"kan, 	ken";"aida, ma"
閑;12;kan;-
勧;13;kan;susu(meru)
寛;13;kan;-
幹;13;kan;miki
感;13;kan;-
漢;13;kan;-
慣;14;kan;"na(reru), na(rasu)"
管;14;kan;kuda
関;14;kan;"seki, kaka(waru)"
歓;15;kan;-
監;15;kan;-
緩;15;kan;"yuru(i), yuru(yaka), yuru(mu), yuru(meru) "
憾;16;kan;-
還;16;kan;-
館;16;kan;yakata
環;17;kan;-
簡;18;kan;-
観;18;kan;-
韓;18;kan;-
艦;21;kan;-
鑑;23;kan;kanga(miru)
丸;3;gan;"maru, maru(i), maru(meru)"
含;7;gan;"fuku(mu), fuku(meru)"
岸;8;gan;kishi
岩;8;gan;iwa
玩;8;gan;-
眼;11;"gan, [gen]";manako
頑;13;gan;-
顔;18;gan;kao
願;19;gan;nega(u)
企;6;ki;kuwada(teru)
伎;6;ki;-
危;6;ki;"abu(nai), aya(ui), aya(bumu)"
机;6;ki;tsukue
気;6;"ki, 	ke";-
岐;7;ki;-
希;7;ki;-
忌;7;ki;"i(mu), i(mawashii)"
汽;7;ki;-
奇;8;ki;-
祈;8;ki;ino(ru)
季;8;ki;-
紀;9;ki;-
軌;9;ki;-
既;10;ki;sude(ni)
記;10;ki;shiru(su)
起;10;ki;"o(kiru), o(koru), o(kosu)"
飢;10;ki;u(eru)
鬼;10;ki;oni
帰;10;ki;"kae(ru), kae(su)"
基;11;ki;"moto, motoi"
寄;11;ki;"yo(ru), yo(seru)"
規;11;ki;-
亀;11;ki;kame
喜;12;ki;yoroko(bu)
幾;12;ki;iku
揮;12;ki;-
期;12;"ki, [go]";-
棋;12;ki;-
貴;12;ki;"tatto(i), tooto(i), tatto(bu), tooto(bu)"
棄;13;ki;-
毀;13;ki;-
旗;14;ki;hata
器;15;ki;utsuwa
畿;15;ki;-
輝;15;ki;kagaya(ku)
機;16;ki;hata
騎;18;ki;-
技;7;gi;waza
宜;8;gi;-
偽;11;gi;"itsuwa(ru), nise"
欺;12;gi;azamu(ku)
義;13;gi;-
疑;14;gi;utaga(u)
儀;15;gi;-
戯;15;gi;tawamu(reru)
擬;17;gi;-
犠;17;gi;-
議;20;gi;-
菊;11;kiku;-
吉;6;"kichi, 	kitsu";-
喫;12;kitsu;-
詰;13;kitsu;"tsu(meru), tsu(maru), tsu(mu)"
却;7;kyaku;-
客;9;"kyaku, 	kaku";-
脚;11;"kyaku, [kya]";ashi
逆;9;gyaku;"saka, saka(rau)"
虐;9;gyaku;shiita(geru)
九;2;"kyuu, 	ku";"kokono, kokono(tsu)"
久;3;"kyuu, [ku]";hisa(shii)
及;3;kyuu;"oyo(bu), oyo(bi), oyo(bosu)"
弓;3;kyuu;yumi
丘;5;kyuu;oka
旧;5;kyuu;-
休;6;kyuu;"yasu(mu), yasu(maru), yasu(meru)"
吸;6;kyuu;su(u)
朽;6;kyuu;ku(chiru)
臼;6;kyuu;usu
求;7;kyuu;moto(meru)
究;7;kyuu;kiwa(meru)
泣;8;kyuu;na(ku)
急;9;kyuu;iso(gu)
級;9;kyuu;-
糾;9;kyuu;-
宮;10;"kyuu, guu, [ku]";miya
救;11;kyuu;suku(u)
球;11;kyuu;tama
給;12;kyuu;-
嗅;13;kyuu;ka(gu)
窮;15;kyuu;"kiwa(meru), kiwa(maru)"
牛;4;gyuu;ushi
去;5;"kyo, 	ko";sa(ru)
巨;5;kyo;-
居;8;kyo;i(ru)
拒;8;kyo;koba(mu)
拠;8;"kyo, 	ko";-
挙;10;kyo;"a(geru), a(garu)"
虚;11;"kyo, [ko]";-
許;11;kyo;yuru(su)
距;12;kyo;-
魚;11;gyo;"uo, sakana"
御;12;"gyo, 	go";on
漁;14;"gyo, 	ryoo";-
凶;4;kyoo;-
共;6;kyoo;tomo
叫;6;kyoo;sake(bu)
狂;7;kyoo;"kuru(u), kuru(oshii)"
京;8;"kyoo, 	kei";-
享;8;kyoo;-
供;8;"kyoo, [ku]";"sona(eru), tomo"
協;8;kyoo;-
況;8;kyoo;-
峡;9;kyoo;-
挟;9;kyoo;"hasa(mu), hasa(maru)"
狭;9;kyoo;"sema(i), saba(meru), seba(maru)"
恐;10;kyoo;"oso(reru), oso(roshii)"
恭;10;kyoo;uyauya(shii)
胸;10;kyoo;"mune, [muna]"
脅;10;kyoo;"obiya(kasu), odo(su), odo(kasu)"
強;11;"kyoo, 	goo";"tsuyo(i), tsuyo(maru), tsuyo(meru), shi(iru)"
教;11;kyoo;"oshi(eru), oso(waru)"
郷;11;"kyoo, 	goo";-
境;14;"kyoo, [kei]";sakai
橋;16;kyoo;hashi
矯;17;kyoo;ta(meru)
鏡;19;kyoo;kagami
競;20;"kyoo, 	kei";"kiso(u), se(ru)"
響;20;kyoo;hibi(ku)
驚;22;kyoo;"odoro(ku), odoro(kasu)"
仰;6;"gyoo, [koo]";"ao(gu), oo(se)"
暁;12;gyoo;akatsuki
業;13;"gyoo, 	goo";waza
凝;16;gyoo;"ko(ru), ko(rasu)"
曲;6;kyoku;"ma(garu), ma(geru)"
局;7;kyoku;-
極;12;"kyoku, 	goku";"kiwa(meru), kiwa(maru), kiwa(mi)"
玉;5;gyoku;tama
巾;3;kin;-
斤;4;kin;-
均;7;kin;-
近;7;kin;chika(i)
金;8;"kin, 	kon";"kane, [kana]"
菌;11;kin;-
勤;12;"kin, [gon]";"tsuto(meru), tsuto(maru)"
琴;12;kin;koto
筋;12;kin;suji
僅;13;kin;wazu(ka)
禁;13;kin;-
緊;15;kin;-
錦;16;kin;nishiki
謹;17;kin;tsutsushi(mu)
襟;18;kin;eri
吟;7;gin;-
銀;14;gin;-
区;4;ku;-
句;5;ku;-
苦;8;ku;"kuru(shii), kuru(shimu), kuru(shimeru), niga(i), niga(ru)"
駆;14;ku;"ka(keru), ka(ru)"
具;8;gu;-
惧;11;gu;-
愚;13;gu;oro(ka)
空;8;kuu;"sora, a(ku), a(keru), kara"
偶;11;guu;-
遇;12;guu;-
隅;12;guu;sumi
串;7;-;kushi
屈;8;kutsu;-
掘;11;kutsu;ho(ru)
窟;13;kutsu;-
熊;14;-;kuma
繰;19;-;ku(ru)
君;7;kun;kimi
訓;10;kun;-
勲;15;kun;-
薫;16;kun;kao(ru)
軍;9;gun;-
郡;10;gun;-
群;13;gun;"mu(reru), mu(re), [mura]"
兄;5;"kei, [kyoo]";ani
刑;6;kei;-
形;7;"kei, 	gyoo";"kata, katachi"
系;7;kei;-
径;8;kei;-
茎;8;kei;kuki
係;9;kei;"kaka(ru), kakari"
型;9;kei;kata
契;9;kei;chigi(ru)
計;9;kei;"haka(ru), haka(rau)"
恵;10;"kei, 	e";megu(mu)
啓;11;kei;-
掲;11;kei;kaka(geru)
渓;11;kei;-
経;11;"kei, 	kyoo";he(ru)
蛍;11;kei;hotaru
敬;12;kei;uyama(u)
景;12;kei;-
軽;12;kei;"karu(i), karo(yaka)"
傾;13;kei;"katamu(ku), katamu(keru)"
携;13;kei;"tazusa(eru), tazusa(waru)"
継;13;kei;tsu(gu)
詣;13;kei;mou(deru)
慶;15;kei;-
憬;15;kei;-
稽;15;kei;-
憩;16;kei;"iko(i), iko(u)"
警;19;kei;-
鶏;19;kei;niwatori
芸;7;gei;-
迎;7;gei;muka(eru)
鯨;19;gei;kujira
隙;13;geki;suki
劇;15;geki;-
撃;15;geki;u(tsu)
激;16;geki;hage(shii)
桁;10;-;keta
欠;4;ketsu;"ka(keru), ka(ku)"
穴;5;ketsu;ana
血;6;ketsu;chi
決;7;ketsu;"ki(meru), ki(maru)"
結;12;ketsu;"musu(bu), yu(u), yu(waeru)"
傑;13;ketsu;-
潔;15;ketsu;isagiyo(i)
月;4;"getsu, 	gatsu";tsuki
犬;4;ken;inu
件;6;ken;-
見;7;ken;"mi(ru), mi(eru), mi(seru)"
券;8;ken;-
肩;8;ken;kata
建;9;"ken, [kon]";"ta(teru), ta(tsu)"
研;9;ken;to(gu)
県;9;ken;-
倹;10;ken;-
兼;10;ken;ka(neru)
剣;10;ken;tsurugi
拳;10;ken;kobushi
軒;10;ken;noki
健;11;ken;suko(yaka)
険;11;ken;kewa(shii)
圏;12;ken;-
堅;12;ken;kata(i)
検;12;ken;-
嫌;13;"ken, [gen]";"kira(u), iya"
献;13;"ken, [kon]";-
絹;13;ken;kinu
遣;13;ken;"tsuka(u), tsuka(wasu)"
権;15;"ken, [gon]";-
憲;16;ken;-
賢;16;ken;kashiko(i)
謙;17;ken;-
鍵;17;ken;kagi
繭;18;ken;mayu
顕;18;ken;-
験;18;"ken, [gen]";-
懸;20;"ken, [ke]";"ka(keru), ka(karu)"
元;4;"gen, 	gan";moto
幻;4;gen;maboroshi
玄;5;gen;-
言;7;"gen, 	gon";"i(u), koto"
弦;8;gen;tsuru
限;9;gen;kagi(ru)
原;10;gen;hara
現;11;gen;"arawa(reru), arawa(su)"
舷;11;gen;-
減;12;gen;"he(ru), he(rasu)"
源;13;gen;minamoto
厳;17;"gen, [gon]";"ogoso(ka), kibi(shii)"
己;3;"ko, 	ki";onore
戸;4;ko;to
古;5;ko;"furu(i), furu(su)"
呼;8;ko;yo(bu)
固;8;ko;"kata(meru), kata(maru), kata(i)"
股;8;ko;mata
虎;8;ko;tora
孤;9;ko;-
弧;9;ko;-
故;9;ko;yue
枯;9;ko;"ka(reru), ka(rasu)"
個;10;ko;-
庫;10;"ko, [ku]";-
湖;12;ko;mizuumi
雇;12;ko;yato(u)
誇;13;ko;hoko(ru)
鼓;13;ko;tsuzumi
錮;16;ko;-
顧;21;ko;kaeri(miru)
五;4;go;"itsu, itsu(tsu)"
互;4;go;taga(i)
午;4;go;-
呉;7;go;-
後;9;"go, 	koo";"nochi, ushi(ro), ato, oku(reru)"
娯;10;go;-
悟;10;go;sato(ru)
碁;13;go;-
語;14;go;"kata(ru), kata(rau)"
誤;14;go;ayama(ru)
護;20;go;-
口;3;"koo, 	ku";kuchi
工;3;"koo, 	ku";-
公;4;koo;ooyake
勾;4;koo;-
孔;4;koo;-
功;5;"koo, [ku]";-
巧;5;koo;taku(mi)
広;5;koo;"hiro(i), hiro(maru), hiro(meru), hiro(garu), hiro(geru)"
甲;5;"koo, 	kan";-
交;6;koo;"maji(waru), maji(eru), maji(ru), ma(zaru), ma(zeru), ka(u), ka(wasu)"
光;6;koo;"hika(ru), hikari"
向;6;koo;"mu(ku), mu(keru), mu(kau), mu(koo)"
后;6;koo;-
好;6;koo;"kono(mu), su(ku)"
江;6;koo;e
考;6;koo;kanga(eru)
行;6;"koo, 	gyoo, [an]";"i(ku), yu(ku), okona(u)"
坑;7;koo;-
孝;7;koo;-
抗;7;koo;-
攻;7;koo;se(meru)
更;7;koo;"sara, fu(keru), fu(kasu)"
効;8;koo;ki(ku)
幸;8;koo;"saiwa(i), sachi, shiawa(se)"
拘;8;koo;-
肯;8;koo;-
侯;9;koo;-
厚;9;koo;atsu(i)
恒;9;koo;-
洪;9;koo;-
皇;9;"koo, 	oo";-
紅;9;"koo, [ku]";"beni, kurenai"
荒;9;koo;"ara(i), a(reru), a(rasu)"
郊;9;koo;-
香;9;"koo, [kyoo]";"ka, kao(ri), kao(ru)"
候;10;koo;sooroo
校;10;koo;-
耕;10;koo;tagaya(su)
航;10;koo;-
貢;10;"koo, [ku]";mitsu(gu)
降;10;koo;"o(riru), o(rosu), fu(ru)"
高;10;koo;"taka(i), taka, taka(maru), taka(meru)"
康;11;koo;-
控;11;koo;hika(eru)
梗;11;koo;-
黄;11;"koo, 	oo";"ki, [ko]"
喉;12;koo;nodo
慌;12;koo;"awa(teru), awa(tadashii)"
港;12;koo;minato
硬;12;koo;kata(i)
絞;12;koo;"shibo(ru), shi(meru), shi(maru)"
項;12;koo;-
溝;13;koo;mizo
鉱;13;koo;-
構;14;koo;"kama(eru), kama(u)"
綱;14;koo;tsuna
酵;14;koo;-
稿;15;koo;-
興;16;"koo, 	kyoo";"oko(ru), oko(su)"
衡;16;koo;-
鋼;16;koo;hagane
講;17;koo;-
購;17;koo;-
乞;3;-;ko(u)
号;5;goo;-
合;6;"goo, gaQ, [kaQ]";"a(u), a(wasu), a(waseru)"
拷;9;goo;-
剛;10;goo;-
傲;13;goo;-
豪;14;goo;-
克;7;koku;-
告;7;koku;tsu(geru)
谷;7;koku;tani
刻;8;koku;kiza(mu)
国;8;koku;kuni
黒;11;koku;"kuro, kuro(i)"
穀;14;koku;-
酷;14;koku;-
獄;14;goku;-
骨;10;kotsu;hone
駒;15;-;koma
込;5;-;"ko(mu), ko(meru)"
頃;11;-;koro
今;4;"kon, 	kin";ima
困;7;kon;koma(ru)
昆;8;kon;-
恨;9;kon;"ura(mu), ura(meshii)"
根;10;kon;ne
婚;11;kon;-
混;11;kon;"ma(jiru), ma(zaru), ma(zeru), ko(mu)"
痕;11;kon;ato
紺;11;kon;-
魂;14;kon;tamashii
墾;16;kon;-
懇;17;kon;nengo(ro)
左;5;sa;hidari
佐;7;sa;-
沙;7;sa;-
査;9;sa;-
砂;9;"sa, 	sha";suna
唆;10;sa;sosonoka(su)
差;10;sa;sa(su)
詐;12;sa;-
鎖;18;sa;kusari
座;10;za;suwa(ru)
挫;10;za;-
才;3;sai;-
再;6;"sai, [sa]";futata(bi)
災;7;sai;wazawa(i)
妻;8;sai;tsuma
采;8;sai;-
砕;9;sai;"kuda(ku), kuda(keru)"
宰;10;sai;-
栽;10;sai;-
彩;11;sai;irodo(ru)
採;11;sai;to(ru)
済;11;sai;"su(mu), su(masu)"
祭;11;sai;"matsu(ru), matsu(ri)"
斎;11;sai;-
細;11;sai;"hoso(i), hoso(ru), koma(ka), koma(kai)"
菜;11;sai;na
最;12;sai;motto(mo)
裁;12;sai;"ta(tsu), saba(ku)"
債;13;sai;-
催;13;sai;moyoo(su)
塞;13;"sai, soku";"fusa(gu), fusa(garu)"
歳;13;"sai, [sei]";-
載;13;sai;"no(seru), no(ru)"
際;14;sai;kiwa
埼;11;-;[sai]
在;6;zai;a(ru)
材;7;zai;-
剤;10;zai;-
財;10;"zai, [sai]";-
罪;13;zai;tsumi
崎;11;-;saki
作;7;"saku, 	sa";tsuku(ru)
削;9;saku;kezu(ru)
昨;9;saku;-
柵;9;saku;-
索;10;saku;-
策;12;saku;-
酢;12;saku;su
搾;13;saku;shibo(ru)
錯;16;saku;-
咲;9;-;sa(ku)
冊;5;"satsu, 	saku";-
札;5;satsu;fuda
刷;8;satsu;su(ru)
刹;8;"satsu, setsu";-
拶;9;satsu;-
殺;10;"satsu, [sai], [setsu]";koro(su)
察;14;satsu;-
撮;15;satsu;to(ru)
擦;17;satsu;"su(ru), su(reru)"
雑;14;"zatsu, 	zoo";-
皿;5;-;sara
三;3;san;"mi, mi(tsu), mit(tsu)"
山;3;san;yama
参;8;san;mai(ru)
桟;10;san;-
蚕;10;san;kaiko
惨;11;"san, 	zan";miji(me)
産;11;san;"u(mu), u(mareru), ubu"
傘;12;san;kasa
散;12;san;"chi(ru), chi(rasu), chi(rakasu), chi(rakaru)"
算;14;san;-
酸;14;san;su(i)
賛;15;san;-
残;10;zan;"noko(ru), noko(su)"
斬;11;zan;ki(ru)
暫;15;zan;-
士;3;shi;-
子;3;"shi, 	su";ko
支;4;shi;sasa(eru)
止;4;shi;"to(maru), to(meru)"
氏;4;shi;uji
仕;5;"shi, [ji]";tsuka(eru)
史;5;shi;-
司;5;shi;-
四;5;shi;"yo, yo(tsu), yot(tsu), yon"
市;5;shi;ichi
矢;5;shi;ya
旨;6;shi;mune
死;6;shi;shi(nu)
糸;6;shi;ito
至;6;shi;ita(ru)
伺;7;shi;ukaga(u)
志;7;shi;"kokoroza(su), kokorozashi"
私;7;shi;"watakushi, watashi"
使;8;shi;tsuka(u)
刺;8;shi;"sa(su), sa(saru)"
始;8;shi;"haji(meru), haji(maru)"
姉;8;shi;ane
枝;8;shi;eda
祉;8;shi;-
肢;8;shi;-
姿;9;shi;sugata
思;9;shi;omo(u)
指;9;shi;"yubi, sa(su)"
施;9;"shi, 	se";hodoko(su)
師;10;shi;-
恣;10;shi;-
紙;10;shi;kami
脂;10;shi;abura
視;11;shi;-
紫;12;shi;murasaki
詞;12;shi;-
歯;12;shi;ha
嗣;13;shi;-
試;13;shi;"kokoro(miru), tame(su)"
詩;13;shi;-
資;13;shi;-
飼;13;shi;ka(u)
誌;14;shi;-
雌;14;shi;"me, mesu"
摯;15;shi;-
賜;15;shi;tamawa(ru)
諮;16;shi;haka(ru)
示;5;"ji, 	shi";shime(su)
字;6;ji;aza
寺;6;ji;tera
次;6;"ji, 	shi";"tsu(gu), tsugi"
耳;6;ji;mimi
自;6;"ji, 	shi";mizuka(ra)
似;7;ji;ni(ru)
児;7;"ji, [ni]";-
事;8;"ji, [zu]";koto
侍;8;ji;samurai
治;8;"chi, 	ji";"osa(meru), osa(maru), nao(ru), nao(su)"
持;9;ji;mo(tsu)
時;10;ji;toki
滋;12;ji;-
慈;13;ji;itsuku(shimu)
辞;13;ji;ya(meru)
磁;14;ji;-
餌;15;ji;"esa, e"
璽;19;ji;-
鹿;11;-;"shika, [ka]"
式;6;shiki;-
識;19;shiki;-
軸;12;jiku;-
七;2;shichi;"nana, nana(tsu), [nano]"
叱;5;shitsu;shika(ru)
失;5;shitsu;ushina(u)
室;9;shitsu;muro
疾;10;shitsu;-
執;11;"shitsu, 	shuu";to(ru)
湿;12;shitsu;"shime(ru), shime(su)"
嫉;13;shitsu;-
漆;14;shitsu;urushi
質;15;"shitsu, shichi, [chi]";-
実;8;jitsu;"mi, mino(ru)"
芝;6;-;shiba
写;5;sha;"utsu(su), utsu(ru)"
社;7;sha;yashiro
車;7;sha;kuruma
舎;8;sha;-
者;8;sha;mono
射;10;sha;i(ru)
捨;11;sha;su(teru)
赦;11;sha;-
斜;11;sha;nana(me)
煮;12;sha;"ni(ru), ni(eru), ni(yasu)"
遮;14;sha;saegi(ru)
謝;17;sha;ayama(ru)
邪;8;ja;-
蛇;11;"ja, 	da";hebi
尺;4;shaku;-
借;10;shaku;ka(riru)
酌;10;shaku;ku(mu)
釈;11;shaku;-
爵;17;shaku;-
若;8;"jaku, [nyaku]";"waka(i), mo(shikuwa)"
弱;10;jaku;"yowa(i), yowa(ru), yowa(maru), yowa(meru)"
寂;11;"jaku, [seki]";"sabi, sabi(shii), sabi(reru)"
手;4;shu;"te, [ta]"
主;5;"shu, [su]";"nushi, omo"
守;6;"shu, [su]";"mamo(ru), mo(ri)"
朱;6;shu;-
取;8;shu;to(ru)
狩;9;shu;"ka(ru), ka(ri)"
首;9;shu;kubi
殊;10;shu;koto
珠;10;shu;-
酒;10;shu;"sake, [saka]"
腫;13;shu;"ha(reru), ha(rasu)"
種;14;shu;tane
趣;15;shu;omomuki
寿;7;ju;kotobuki
受;8;ju;"u(keru), u(karu)"
呪;8;ju;noro(u)
授;11;ju;"sazu(keru), sazu(karu)"
需;14;ju;-
儒;16;ju;-
樹;16;ju;-
収;4;shuu;"osa(meru), osa(maru)"
囚;5;shuu;-
州;6;shuu;su
舟;6;shuu;"fune, [funa]"
秀;7;shuu;hii(deru)
周;8;shuu;mawa(ri)
宗;8;"shuu, 	soo";-
拾;9;"shuu, 	juu";hiro(u)
秋;9;shuu;aki
臭;9;shuu;"kusa(i), nio(u)"
修;10;"shuu, [shu]";"osa(meru), osa(maru)"
袖;10;shuu;sode
終;11;shuu;"o(waru), o(eru)"
羞;11;shuu;-
習;11;shuu;nara(u)
週;11;shuu;-
就;12;"shuu, [ju]";"tsu(ku), tsu(keru)"
衆;12;"shuu, [shu]";-
集;12;shuu;"atsu(maru), atsu(meru), tsudo(u)"
愁;13;shuu;"ure(eru), ure(i)"
酬;13;shuu;-
醜;17;shuu;miniku(i)
蹴;19;shuu;ke(ru)
襲;22;shuu;oso(u)
十;2;"juu, 	jiQ";"too, to"
汁;5;juu;shiru
充;6;juu;a(teru)
住;7;juu;"su(mu), su(mau)"
柔;9;"juu, 	nyuu";"yawa(raka), yawa(rakai)"
重;9;"juu, 	choo";"e, omo(i), kasa(neru), kasa(naru)"
従;10;"juu, [shoo], [ju]";"shitaga(u), shitaga(eru)"
渋;11;juu;"shibu, shibu(i), shibu(ru)"
銃;14;juu;-
獣;16;juu;kemono
縦;16;juu;tate
叔;8;shuku;-
祝;9;"shuku, [shuu]";iwa(u)
宿;11;shuku;"yado, yado(ru), yado(su)"
淑;11;shuku;-
粛;11;shuku;-
縮;17;shuku;"chiji(mu), chiji(maru), chiji(meru), chiji(reru), chiji(rasu)"
塾;14;juku;-
熟;15;juku;u(reru)
出;5;"shutsu, [sui]";"de(ru), da(su)"
述;8;jutsu;no(beru)
術;11;jutsu;-
俊;9;shun;-
春;9;shun;haru
瞬;18;shun;matata(ku)
旬;6;"jun, [shun]";-
巡;6;jun;megu(ru)
盾;9;jun;tate
准;10;jun;-
殉;10;jun;-
純;10;jun;-
循;12;jun;-
順;12;jun;-
準;13;jun;-
潤;15;jun;"uruo(u), uruo(su), uru(mu)"
遵;15;jun;-
処;5;sho;-
初;7;sho;"haji(me), haji(mete), hatsu, ui, so(meru)"
所;8;sho;tokoro
書;10;sho;ka(ku)
庶;11;sho;-
暑;12;sho;atsu(i)
署;13;sho;-
緒;14;"sho, [cho]";o
諸;15;sho;-
女;3;"jo, nyo, [nyoo]";"onna, me"
如;6;"jo, 	nyo";-
助;7;jo;"tasu(keru), tasu(karu), suke"
序;7;jo;-
叙;9;jo;-
徐;10;jo;-
除;10;"jo, [ji]";nozo(ku)
小;3;shoo;"chii(sai), ko, o"
升;4;shoo;masu
少;4;shoo;"suku(nai), suko(shi)"
召;5;shoo;me(su)
匠;6;shoo;-
床;7;shoo;"toko, yuka"
抄;7;shoo;-
肖;7;shoo;-
尚;8;shoo;-
招;8;shoo;mane(ku)
承;8;shoo;uketamawa(ru)
昇;8;shoo;nobo(ru)
松;8;shoo;matsu
沼;8;shoo;numa
昭;9;shoo;-
宵;10;shoo;yoi
将;10;shoo;-
消;10;shoo;"ki(eru), ke(su)"
症;10;shoo;-
祥;10;shoo;-
称;10;shoo;-
笑;10;shoo;"wara(u), e(mu)"
唱;11;shoo;tona(eru)
商;11;shoo;akina(u)
渉;11;shoo;-
章;11;shoo;-
紹;11;shoo;-
訟;11;shoo;-
勝;12;shoo;"ka(tsu), masa(ru)"
掌;12;shoo;-
晶;12;shoo;-
焼;12;shoo;"ya(ku), ya(keru)"
焦;12;shoo;"ko(geru), ko(gasu), ko(gareru), ase(ru)"
硝;12;shoo;-
粧;12;shoo;-
詔;12;shoo;mikotonori
証;12;shoo;-
象;12;"shoo, 	zoo";-
傷;13;shoo;"kizu, ita(mu), ita(meru)"
奨;13;shoo;-
照;13;shoo;"te(ru), te(rasu), te(reru)"
詳;13;shoo;kuwa(shii)
彰;14;shoo;-
障;14;shoo;sawa(ru)
憧;15;shoo;akoga(reru)
衝;15;shoo;-
賞;15;shoo;-
償;17;shoo;tsugu(nau)
礁;17;shoo;-
鐘;20;shoo;kane
上;3;"joo, [shoo]";"ue, [uwa], kami, a(geru), a(garu), nobo(ru), nobo(seru), nobo(su)"
丈;3;joo;take
冗;4;joo;-
条;7;joo;-
状;7;joo;-
乗;9;joo;"no(ru), no(seru)"
城;9;joo;shiro
浄;9;joo;-
剰;11;joo;-
常;11;joo;"tsune, toko"
情;11;"joo, [sei]";nasa(ke)
場;12;joo;ba
畳;12;joo;"tata(mu), tatami"
蒸;13;joo;"mu(su), mu(reru), mu(rasu)"
縄;15;joo;nawa
壌;16;joo;-
嬢;16;joo;-
錠;16;joo;-
譲;20;joo;yuzu(ru)
醸;20;joo;kamo(su)
色;6;"shoku, 	shiki";iro
拭;9;shoku;"fu(ku), nugu(u)"
食;9;"shoku, [jiki]";"ku(u), ku(rau), ta(beru)"
植;12;shoku;"u(eru), u(waru)"
殖;12;shoku;"fu(eru), fu(yasu)"
飾;13;shoku;kaza(ru)
触;13;shoku;"fu(reru), sawa(ru)"
嘱;15;shoku;-
織;18;"shoku, 	shiki";o(ru)
職;18;shoku;-
辱;10;joku;hazukashi(meru)
尻;5;-;shiri
心;4;shin;kokoro
申;5;shin;moo(su)
伸;7;shin;"no(biru), no(basu), no(beru)"
臣;7;"shin, 	jin";-
芯;7;shin;-
身;7;shin;mi
辛;7;shin;kara(i)
侵;9;shin;oka(su)
信;9;shin;-
津;9;shin;tsu
神;9;"shin, 	jin";"kami, [kan], [koo]"
唇;10;shin;kuchibiru
娠;10;shin;-
振;10;shin;"fu(ru), fu(ruu), fu(reru)"
浸;10;shin;"hita(su), hita(ru)"
真;10;shin;ma
針;10;shin;hari
深;11;shin;"fuka(i), fuka(maru), fuka(meru)"
紳;11;shin;-
進;11;shin;"susu(mu), susu(meru)"
森;12;shin;mori
診;12;shin;mi(ru)
寝;13;shin;"ne(ru), ne(kasu)"
慎;13;shin;tsutsushi(mu)
新;13;shin;"atara(shii), ara(ta), nii"
審;15;shin;-
震;15;shin;"furu(u), furu(eru)"
薪;16;shin;takigi
親;16;shin;"oya, shita(shii), shita(shimu)"
人;2;"jin, 	nin";hito
刃;3;jin;ha
仁;4;"jin, [ni]";-
尽;6;jin;"tsu(kusu), tsu(kiru), tsu(kasu)"
迅;6;jin;-
甚;9;jin;"hanaha(da), hanaha(dashii)"
陣;10;jin;-
尋;12;jin;tazu(neru)
腎;13;jin;-
須;12;su;-
図;7;"zu, 	to";haka(ru)
水;4;sui;mizu
吹;7;sui;fu(ku)
垂;8;sui;"ta(reru), ta(rasu)"
炊;8;sui;ta(ku)
帥;9;sui;-
粋;10;sui;iki
衰;10;sui;otoro(eru)
推;11;sui;o(su)
酔;11;sui;yo(u)
遂;12;sui;to(geru)
睡;13;sui;-
穂;15;sui;ho
随;12;zui;-
髄;19;zui;-
枢;8;suu;-
崇;11;suu;-
数;13;"suu, [su]";"kazu, kazo(eru)"
据;11;-;"su(eru), su(waru)"
杉;7;-;sugi
裾;13;-;suso
寸;3;sun;-
瀬;19;-;se
是;9;ze;-
井;4;"sei, [shoo]";i
世;5;"sei, 	se";yo
正;5;"sei, 	shoo";"tada(shii), tada(su), masa"
生;5;"sei, 	shoo";"i(kiru), i(kasu), i(keru), u(mareru), u(mu), o(u), ha(eru), ha(yasu), ki, nama"
成;6;"sei, [joo]";"na(ru), na(su)"
西;6;"sei, 	sai";nishi
声;7;"sei, [shoo]";"koe, [kowa]"
制;8;sei;-
姓;8;"sei, 	shoo";-
征;8;sei;-
性;8;"sei, 	shoo";-
青;8;"sei, [shoo]";"ao, ao(i)"
斉;8;sei;-
政;9;"sei, [shoo]";matsurigoto
星;9;"sei, [shoo]";hoshi
牲;9;sei;-
省;9;"sei, 	shoo";"kaeri(miru), habu(ku)"
凄;10;sei;-
逝;10;sei;"yu(ku), i(ku)"
清;11;"sei, [shoo]";"kiyo(i), kiyo(maru), kiyo(meru)"
盛;11;"sei, [joo]";"mo(ru), saka(ru), saka(n)"
婿;12;sei;muko
晴;12;sei;"ha(reru), ha(rasu)"
勢;13;sei;ikio(i)
聖;13;sei;-
誠;13;sei;makoto
精;14;"sei, [shoo]";-
製;14;sei;-
誓;14;sei;chika(u)
静;14;"sei, [joo]";"shizu, shizu(ka), shizu(maru), shizu(meru)"
請;15;"sei, [shin]";"ko(u), u(keru)"
整;16;sei;"totono(eru), totono(u)"
醒;16;sei;-
税;12;zei;-
夕;3;seki;yuu
斥;5;seki;-
石;5;"seki, [shaku], [koku]";ishi
赤;7;"seki, [shaku]";"aka, aka(i), aka(ramu), aka(rameru)"
昔;8;"seki, [shaku]";mukashi
析;8;seki;-
席;10;seki;-
脊;10;seki;-
隻;10;seki;-
惜;11;seki;"o(shii), o(shimu)"
戚;11;seki;-
責;11;seki;se(meru)
跡;13;seki;ato
積;16;seki;"tsu(mu), tsu(moru)"
績;17;seki;-
籍;20;seki;-
切;4;"setsu, [sai]";"ki(ru), ki(reru)"
折;7;setsu;"o(ru), ori, o(reru)"
拙;8;setsu;tsutana(i)
窃;9;setsu;-
接;11;setsu;tsu(gu)
設;11;setsu;moo(keru)
雪;11;setsu;yuki
摂;13;setsu;-
節;13;"setsu, [sechi]";fushi
説;14;"setsu, [zei]";to(ku)
舌;6;zetsu;shita
絶;12;zetsu;"ta(eru), ta(yasu), ta(tsu)"
千;3;sen;chi
川;3;sen;kawa
仙;5;sen;-
占;5;sen;"shi(meru), urana(u)"
先;6;sen;saki
宣;9;sen;-
専;9;sen;moppa(ra)
泉;9;sen;izumi
浅;9;sen;asa(i)
洗;9;sen;ara(u)
染;9;sen;"so(meru), so(maru), shi(miru), shi(mi)"
扇;10;sen;oogi
栓;10;sen;-
旋;11;sen;-
船;11;sen;"fune, [funa]"
戦;13;sen;"ikusa, tataka(u)"
煎;13;sen;i(ru)
羨;13;sen;"uraya(mu), uraya(mashii)"
腺;13;sen;-
詮;13;sen;-
践;13;sen;-
箋;14;sen;-
銭;14;sen;zeni
潜;15;sen;"hiso(mu), mogu(ru)"
線;15;sen;-
遷;15;sen;-
選;15;sen;era(bu)
薦;16;sen;susu(meru)
繊;17;sen;-
鮮;17;sen;aza(yaka)
全;6;zen;"matta(ku), sube(te)"
前;9;zen;mae
善;12;zen;yo(i)
然;12;"zen, 	nen";-
禅;13;zen;-
漸;14;zen;-
膳;16;zen;-
繕;18;zen;tsukuro(u)
狙;8;so;nera(u)
阻;8;so;haba(mu)
祖;9;so;-
租;10;so;-
素;10;"so, 	su";-
措;11;so;-
粗;11;so;ara(i)
組;11;so;"ku(mu), kumi"
疎;12;so;"uto(i), uto(mu)"
訴;12;so;utta(eru)
塑;13;so;-
遡;14;so;sakanobo(ru)
礎;18;so;ishizue
双;4;soo;futa
壮;6;soo;-
早;6;"soo, [saQ]";"haya(i), haya(maru), haya(meru)"
争;6;soo;araso(u)
走;7;soo;hashi(ru)
奏;9;soo;kana(deru)
相;9;"soo, 	shoo";ai
荘;9;soo;-
草;9;soo;kusa
送;9;soo;oku(ru)
倉;10;soo;kura
捜;10;soo;saga(su)
挿;10;soo;sa(su)
桑;10;soo;kuwa
巣;11;soo;su
掃;11;soo;ha(ku)
曹;11;soo;-
曽;11;"soo, [zo]";-
爽;11;soo;sawa(yaka)
窓;11;soo;mado
創;12;soo;tsuku(ru)
喪;12;soo;mo
痩;12;soo;ya(seru)
葬;12;soo;hoomu(ru)
装;12;"soo, 	shoo";yosoo(u)
僧;13;soo;-
想;13;"soo, [so]";-
層;14;soo;-
総;14;soo;-
遭;14;soo;a(u)
槽;15;soo;-
踪;15;soo;-
操;16;soo;"misao, ayatsu(ru)"
燥;17;soo;-
霜;17;soo;shimo
騒;18;soo;sawa(gu)
藻;19;soo;mo
造;10;zoo;tsuku(ru)
像;14;zoo;-
増;14;zoo;"ma(su), fu(eru), fu(yasu)"
憎;14;zoo;"niku(mu), niku(i), niku(rashii), niku(shimi)"
蔵;15;zoo;kura
贈;18;"zoo, [soo]";oku(ru)
臓;19;zoo;-
即;7;soku;-
束;7;soku;taba
足;7;soku;"ashi, ta(riru), ta(ru), ta(su)"
促;9;soku;unaga(su)
則;9;soku;-
息;10;soku;iki
捉;10;soku;tora(eru)
速;10;soku;"haya(i), haya(meru), haya(maru), sumi(yaka)"
側;11;soku;gawa
測;12;soku;haka(ru)
俗;9;zoku;-
族;11;zoku;-
属;12;zoku;-
賊;13;zoku;-
続;13;zoku;"tsuzu(ku), tsuzu(keru)"
卒;8;sotsu;-
率;11;"sotsu, 	ritsu";hiki(iru)
存;6;"son, 	zon";-
村;7;son;mura
孫;10;son;mago
尊;12;son;"tatto(i), tooto(i), tatto(bu), tooto(bu)"
損;13;son;"soko(nau), soko(neru)"
遜;14;son;-
他;5;ta;hoka
多;6;ta;oo(i)
汰;7;ta;-
打;5;da;u(tsu)
妥;7;da;-
唾;11;da;tsuba
堕;12;da;-
惰;12;da;-
駄;14;da;-
太;4;"tai, 	ta";"futo(i), futo(ru)"
対;7;"tai, 	tsui";-
体;7;"tai, 	tei";karada
耐;9;tai;ta(eru)
待;9;tai;ma(tsu)
怠;9;tai;"okota(ru), nama(keru)"
胎;9;tai;-
退;9;tai;"shirizo(ku), shirizo(keru)"
帯;10;tai;"o(biru), obi"
泰;10;tai;-
堆;11;tai;-
袋;11;tai;fukuro
逮;11;tai;-
替;12;tai;"ka(eru), ka(waru)"
貸;12;tai;ka(su)
隊;12;tai;-
滞;13;tai;todokoo(ru)
態;14;tai;-
戴;17;tai;-
大;3;"dai, 	tai";"oo, oo(kii), oo(ini)"
代;5;"dai, 	tai";"ka(waru), ka(eru), yo, shiro"
台;5;"dai, 	tai";-
第;11;dai;-
題;18;dai;-
滝;13;-;taki
宅;6;taku;-
択;7;taku;-
沢;7;taku;sawa
卓;8;taku;-
拓;8;taku;-
託;10;taku;-
濯;17;taku;-
諾;15;daku;-
濁;16;daku;"nigo(ru), nigo(su)"
但;7;-;tada(shi)
達;12;tatsu;-
脱;11;datsu;"nu(gu), nu(geru)"
奪;14;datsu;uba(u)
棚;12;-;tana
誰;15;-;dare
丹;4;tan;-
旦;5;"tan, dan";-
担;8;tan;"katsu(gu), nina(u)"
単;9;tan;-
炭;9;tan;sumi
胆;9;tan;-
探;11;tan;"sagu(ru), saga(su)"
淡;11;tan;awa(i)
短;12;tan;mijika(i)
嘆;13;tan;"nage(ku), nage(kawashii)"
端;14;tan;"hashi, ha, hata"
綻;14;tan;hokoro(biru)
誕;15;tan;-
鍛;17;tan;kita(eru)
団;6;"dan, [ton]";-
男;7;"dan, 	nan";otoko
段;9;dan;-
断;11;dan;"ta(tsu), kotowa(ru)"
弾;12;dan;"hi(ku), hazu(mu), tama"
暖;13;dan;"atata(ka), atata(kai), atata(maru), atata(meru)"
談;15;dan;-
壇;16;"dan, [tan]";-
地;6;"chi, 	ji";-
池;6;chi;ike
知;8;chi;shi(ru)
値;10;chi;"ne, atai"
恥;10;chi;"ha(jiru), haji, ha(jirau), ha(zukashii)"
致;10;chi;ita(su)
遅;12;chi;"oku(reru), oku(rasu), oso(i)"
痴;13;chi;-
稚;13;chi;-
置;13;chi;o(ku)
緻;16;chi;-
竹;6;chiku;take
畜;10;chiku;-
逐;10;chiku;-
蓄;13;chiku;takuwa(eru)
築;16;chiku;kizu(ku)
秩;10;chitsu;-
窒;11;chitsu;-
茶;9;"cha, 	sa";-
着;12;"chaku, [jaku]";"ki(ru), ki(seru), tsu(ku), tsu(keru)"
嫡;14;chaku;-
中;4;"chuu, [jyuu]";naka
仲;6;chuu;naka
虫;6;chuu;mushi
沖;7;chuu;oki
宙;8;chuu;-
忠;8;chuu;-
抽;8;chuu;-
注;8;chuu;soso(gu)
昼;9;chuu;hiru
柱;9;chuu;hashira
衷;10;chuu;-
酎;10;chuu;-
鋳;15;chuu;i(ru)
駐;15;chuu;-
著;11;cho;"arawa(su), ichijiru(shii)"
貯;12;cho;-
丁;2;"tei, 	choo";-
弔;4;choo;tomura(u)
庁;5;choo;-
兆;6;choo;"kiza(su), kiza(shi)"
町;7;choo;machi
長;8;choo;naga(i)
挑;9;choo;ido(mu)
帳;11;choo;-
張;11;choo;ha(ru)
彫;11;choo;ho(ru)
眺;11;choo;naga(meru)
釣;11;choo;tsu(ru)
頂;11;choo;"itada(ku), itadaki"
鳥;11;choo;tori
朝;12;choo;asa
貼;12;choo;ha(ru)
超;12;choo;"ko(eru), ko(su)"
腸;13;choo;-
跳;13;choo;"ha(neru), to(bu)"
徴;14;choo;-
嘲;15;choo;azake(ru)
潮;15;choo;shio
澄;15;choo;"su(mu), su(masu)"
調;15;choo;"shira(beru), totono(u), totono(eru)"
聴;17;choo;ki(ku)
懲;18;choo;"ko(riru), ko(rasu), ko(rashimeru)"
直;8;"choku, 	jiki";"tada(chini), nao(su), nao(ru)"
勅;9;choku;-
捗;10;choku;-
沈;7;chin;"shizu(mu), shizu(meru)"
珍;9;chin;mezura(shii)
朕;10;chin;-
陳;11;chin;-
賃;13;chin;-
鎮;18;chin;"shizu(meru), shizu(maru)"
追;9;tsui;o(u)
椎;12;tsui;-
墜;15;tsui;-
通;10;"tsuu, [tsu]";"too(ru), too(su), kayo(u)"
痛;12;tsuu;"ita(i), ita(mu), ita(meru)"
塚;12;-;tsuka
漬;14;-;"tsu(keru), tsu(karu)"
坪;8;-;tsubo
爪;4;-;"tsume, [tsuma]"
鶴;21;tsuru;-
低;7;tei;"hiku(i), hiku(meru), hiku(maru)"
呈;7;tei;-
廷;7;tei;-
弟;7;"tei, [dai], [de]";otooto
定;8;"tei, 	joo";"sada(meru), sada(maru), sada(ka)"
底;8;tei;soko
抵;8;tei;-
邸;8;tei;-
亭;9;tei;-
貞;9;tei;-
帝;9;tei;-
訂;9;tei;-
庭;10;tei;niwa
逓;10;tei;-
停;11;tei;-
偵;11;tei;-
堤;12;tei;tsutsumi
提;12;tei;sa(geru)
程;12;tei;hodo
艇;13;tei;-
締;15;tei;"shi(maru), shi(meru)"
諦;16;tei;akira(meru)
泥;8;dei;doro
的;8;teki;mato
笛;11;teki;fue
摘;14;teki;tsu(mu)
滴;14;teki;"shizuku, shitata(ru)"
適;14;teki;-
敵;15;teki;kataki
溺;13;deki;obo(reru)
迭;8;tetsu;-
哲;10;tetsu;-
鉄;13;tetsu;-
徹;15;tetsu;-
撤;15;tetsu;-
天;4;ten;"ame, [ama]"
典;8;ten;-
店;8;ten;mise
点;9;ten;-
展;10;ten;-
添;11;ten;"so(eru), so(u)"
転;11;ten;"koro(garu), koro(geru), koro(gasu), koro(bu)"
填;13;ten;-
田;5;den;ta
伝;6;den;"tsuta(waru), tsuta(eru), tsuta(u)"
殿;13;"den, 	ten";"tono, dono"
電;13;den;-
斗;4;to;-
吐;6;to;ha(ku)
妬;8;to;neta(mu)
徒;10;to;-
途;10;to;-
都;11;"to, 	tsu";miyako
渡;12;to;"wata(ru), wata(su)"
塗;13;to;nu(ru)
賭;16;to;ka(keru)
土;3;"do, 	to";tsuchi
奴;5;do;-
努;7;do;tsuto(meru)
度;9;"do, [to], [taku]";tabi
怒;9;do;"ika(ru), oko(ru)"
刀;2;too;katana
冬;5;too;fuyu
灯;6;too;hi
当;6;too;"a(taru), a(teru)"
投;7;too;na(geru)
豆;7;"too, [zu]";mame
東;8;too;higashi
到;8;too;-
逃;9;too;"ni(geru), ni(gasu), noga(su), noga(reru)"
倒;10;too;"tao(reru), tao(su)"
凍;10;too;"koo(ru), kogo(eru)"
唐;10;too;kara
島;10;too;shima
桃;10;too;momo
討;10;too;u(tsu)
透;10;too;"su(ku), su(kasu), su(keru)"
党;10;too;-
悼;11;too;ita(mu)
盗;11;too;nusu(mu)
陶;11;too;-
塔;12;too;-
搭;12;too;-
棟;12;too;"mune, [muna]"
湯;12;too;yu
痘;12;too;-
登;12;"too, 	to";nobo(ru)
答;12;too;"kota(eru), kota(e)"
等;12;too;hito(shii)
筒;12;too;tsutsu
統;12;too;su(beru)
稲;14;too;"ine, [ina]"
踏;15;too;"fu(mu), fu(maeru)"
糖;16;too;-
頭;16;"too, zu, [to]";"atama, kashira"
謄;17;too;-
藤;18;too;fuji
闘;18;too;tataka(u)
騰;20;too;-
同;6;doo;ona(ji)
洞;9;doo;hora
胴;10;doo;-
動;11;doo;"ugo(ku), ugo(kasu)"
堂;11;doo;-
童;12;doo;warabe
道;12;"doo, [too]";michi
働;13;doo;hatara(ku)
銅;14;doo;-
導;15;doo;michibi(ku)
瞳;17;doo;hitomi
峠;9;-;tooge
匿;10;toku;-
特;10;toku;-
得;11;toku;"e(ru), u(ru)"
督;13;toku;-
徳;14;toku;-
篤;16;toku;-
毒;8;doku;-
独;9;doku;hito(ri)
読;14;"doku, toku, [too]";yo(mu)
栃;9;-;[tochi]
凸;5;totsu;-
突;8;totsu;tsu(ku)
届;8;-;"todo(keru), todo(ku)"
屯;4;ton;-
豚;11;ton;buta
頓;13;ton;-
貪;11;don;musabo(ru)
鈍;12;don;"nibu(i), nibu(ru)"
曇;16;don;kumo(ru)
丼;5;-;"donburi, [don]"
那;7;na;-
奈;8;na;-
内;4;"nai, [dai]";uchi
梨;11;-;nashi
謎;17;-;nazo
鍋;17;-;nabe
南;9;"nan, [na]";minami
軟;11;nan;"yawa(raka), yawa(rakai)"
難;18;nan;"kata(i), muzuka(shii)"
二;2;ni;"futa, futa(tsu)"
尼;5;ni;ama
弐;6;ni;-
匂;4;-;nio(u)
肉;6;niku;-
虹;9;-;niji
日;4;"nichi, 	jitsu";"hi, ka"
入;2;nyuu;"i(ru), i(reru), hai(ru)"
乳;8;nyuu;"chichi, chi"
尿;7;nyoo;-
任;6;nin;"maka(seru), maka(su)"
妊;7;nin;-
忍;7;nin;"shino(bu), shino(baseru)"
認;14;nin;mito(meru)
寧;14;nei;-
熱;15;netsu;atsu(i)
年;6;nen;toshi
念;8;nen;-
捻;11;nen;-
粘;11;nen;neba(ru)
燃;16;nen;"mo(eru), mo(yasu), mo(su)"
悩;10;noo;"naya(mu), naya(masu)"
納;10;"noo, [naQ], [na], [nan], [too]";"osa(meru), osa(maru)"
能;10;noo;-
脳;11;noo;-
農;13;noo;-
濃;16;noo;ko(i)
把;7;ha;-
波;8;ha;nami
派;9;ha;-
破;10;ha;"yabu(ru), yabu(reru)"
覇;19;ha;-
馬;10;ba;"uma, [ma]"
婆;11;ba;-
罵;15;ba;nonoshi(ru)
拝;8;hai;oga(mu)
杯;8;hai;sakazuki
背;9;hai;"se, sei, somu(ku), somu(keru)"
肺;9;hai;-
俳;10;hai;-
配;10;hai;kuba(ru)
排;11;hai;-
敗;11;hai;yabu(reru)
廃;12;hai;"suta(reru), suta(ru)"
輩;15;hai;-
売;7;bai;"u(ru), u(reru)"
倍;10;bai;-
梅;10;bai;ume
培;11;bai;tsuchika(u)
陪;11;bai;-
媒;12;bai;-
買;12;bai;ka(u)
賠;15;bai;-
白;5;"haku, 	byaku";"shiro, [shira], shiro(i)"
伯;7;haku;-
拍;8;"haku, [hyoo]";-
泊;8;haku;"to(maru), to(meru)"
迫;8;haku;sema(ru)
剥;10;haku;"ha(gasu), ha(gu), ha(gareru), ha(geru)"
舶;11;haku;-
博;12;"haku, [baku]";-
薄;16;haku;"usu(i), usu(meru), usu(maru), usu(ragu), usu(reru)"
麦;7;baku;mugi
漠;13;baku;-
縛;16;baku;shiba(ru)
爆;19;baku;-
箱;15;-;hako
箸;15;-;hashi
畑;9;-;"hata, hatake"
肌;6;-;hada
八;2;hachi;"ya, ya(tsu), yat(tsu), [yoo]"
鉢;13;"[hatsu], 	hachi";-
発;9;"hatsu, 	hotsu";-
髪;14;hatsu;kami
伐;6;batsu;-
抜;7;batsu;"nu(ku), nu(keru), nu(kasu), nu(karu)"
罰;14;"batsu, 	bachi";-
閥;14;batsu;-
反;4;"han, [hon], [tan]";"so(ru), so(rasu)"
半;5;han;naka(ba)
氾;5;han;-
犯;5;han;oka(su)
帆;6;han;ho
汎;6;han;-
伴;7;"han, 	ban";tomona(u)
判;7;"han, 	ban";-
坂;7;han;saka
阪;7;han;-
板;8;"han, 	ban";ita
版;8;han;-
班;10;han;-
畔;10;han;-
般;10;han;-
販;11;han;-
斑;12;han;-
飯;12;han;meshi
搬;13;han;-
煩;13;"han, [bon]";"wazura(u), wazura(wasu)"
頒;13;han;-
範;15;han;-
繁;16;han;-
藩;18;han;-
晩;12;ban;-
番;12;ban;-
蛮;12;ban;-
盤;15;ban;-
比;4;hi;kura(beru)
皮;5;hi;kawa
妃;6;hi;-
否;7;hi;ina
批;7;hi;-
彼;8;hi;"kare, [kano]"
披;8;hi;-
肥;8;hi;"ko(eru), koe,ko(yasu), ko(yashi)"
非;8;hi;-
卑;9;hi;"iya(shii), iya(shimu), iya(shimeru)"
飛;9;hi;"to(bu), to(basu)"
疲;10;hi;tsuka(reru)
秘;10;hi;hi(meru)
被;10;hi;koomu(ru)
悲;12;hi;"kana(shii), kana(shimu)"
扉;12;hi;tobira
費;12;hi;"tsui(yasu), tsui(eru)"
碑;14;hi;-
罷;15;hi;-
避;16;hi;sa(keru)
尾;7;bi;o
眉;9;"bi, [mi]";mayu
美;9;bi;utsuku(shii)
備;12;bi;"sona(eru), sona(waru)"
微;13;bi;-
鼻;14;bi;hana
膝;15;-;hiza
肘;7;-;hiji
匹;4;hitsu;hiki
必;5;hitsu;kanara(zu)
泌;8;"hitsu, 	hi";-
筆;12;hitsu;fude
姫;10;-;hime
百;6;hyaku;-
氷;5;hyoo;"koori, hi"
表;8;hyoo;"omote, arawa(su), arawa(reru)"
俵;10;hyoo;tawara
票;11;hyoo;-
評;12;hyoo;-
漂;14;hyoo;tadayo(u)
標;15;hyoo;-
苗;8;byoo;"nae, [nawa]"
秒;9;byoo;-
病;10;"byoo, [hei]";"ya(mu), yamai"
描;11;byoo;"ega(ku), ka(ku)"
猫;11;byoo;neko
品;9;hin;shina
浜;10;hin;hama
貧;11;"hin, 	bin";mazu(shii)
賓;15;hin;-
頻;17;hin;-
敏;10;bin;-
瓶;11;bin;-
不;4;"fu, 	bu";-
夫;4;"fu, [fuu]";otto
父;4;fu;chichi
付;5;fu;"tsu(keru), tsu(ku)"
布;5;fu;nuno
扶;7;fu;-
府;8;fu;-
怖;8;fu;kowa(i)
阜;8;[fu];-
附;8;fu;-
訃;9;fu;-
負;9;fu;"ma(keru), ma(kasu), o(u)"
赴;9;fu;omomu(ku)
浮;10;fu;"u(ku), u(kareru), u(kabu), u(kaberu)"
婦;11;fu;-
符;11;fu;-
富;12;"fu, [fuu]";"to(mu), tomi"
普;12;fu;-
腐;14;fu;"kusa(ru), kusa(reru), kusa(rasu)"
敷;15;fu;shi(ku)
膚;15;fu;-
賦;15;fu;-
譜;19;fu;-
侮;8;bu;anado(ru)
武;8;"bu, 	mu";-
部;11;bu;-
舞;15;bu;"ma(u), mai"
封;9;"fuu, 	hoo";-
風;9;"fuu, [fu]";"kaze, [kaza]"
伏;6;fuku;"fu(seru), fu(su)"
服;8;fuku;-
副;11;fuku;-
幅;12;fuku;haba
復;12;fuku;-
福;13;fuku;-
腹;13;fuku;hara
複;14;fuku;-
覆;18;fuku;"oo(u), kutsugae(su), kutsugae(ru)"
払;5;futsu;hara(u)
沸;8;futsu;"wa(ku), wa(kasu)"
仏;4;butsu;hotoke
物;8;"butsu, 	motsu";mono
粉;10;fun;ko,kona
紛;10;fun;"magi(reru), magi(rasu), magi(rawasu), magi(rawashii)"
雰;12;fun;-
噴;15;fun;fu(ku)
墳;15;fun;-
憤;15;fun;ikidoo(ru)
奮;16;fun;furu(u)
分;4;"bun, fun, bu";"wa(keru), wa(kareru), wa(karu), wa(katsu)"
文;4;"bun, 	mon";fumi
聞;14;"bun, 	mon";"ki(ku), ki(koeru)"
丙;5;hei;-
平;5;"hei, 	byoo";"tai(ra), hira"
兵;7;"hei, 	hyoo";-
併;8;hei;awa(seru)
並;8;hei;"nami, mara(beru), nara(bu), nara(bini)"
柄;9;hei;"gara, e"
陛;10;hei;-
閉;11;hei;"to(jiru), to(zasu), shi(meru), shi(maru)"
塀;12;hei;-
幣;15;hei;-
弊;15;hei;-
蔽;15;hei;-
餅;15;hei;mochi
米;6;"bei, 	mai";kome
壁;16;heki;kabe
璧;18;heki;-
癖;18;heki;kuse
別;7;betsu;waka(reru)
蔑;14;betsu;sagesu(mu)
片;4;hen;kata
辺;5;hen;"ata(ri), be"
返;7;hen;"kae(su), kae(ru)"
変;9;hen;"ka(waru), ka(eru)"
偏;11;hen;katayo(ru)
遍;12;hen;-
編;15;hen;a(mu)
弁;5;ben;-
便;9;"ben, 	bin";tayo(ri)
勉;10;ben;-
歩;8;"ho, bu, [fu]";"aru(ku), ayu(mu)"
保;9;ho;tamo(tsu)
哺;10;ho;-
捕;10;ho;"to(raeru), to(rawareru), to(ru), tsuka(maeru), tsuka(maru)"
補;12;ho;ogina(u)
舗;15;ho;-
母;5;bo;haha
募;12;bo;tsuno(ru)
墓;13;bo;haka
慕;14;bo;shita(u)
暮;14;bo;"ku(reru), ku(rasu)"
簿;19;bo;-
方;4;hoo;kata
包;5;hoo;tsutsu(mu)
芳;7;hoo;kanba(shii)
邦;7;hoo;-
奉;8;"hoo, [bu]";tatematsu(ru)
宝;8;hoo;takara
抱;8;hoo;"da(ku), ida(ku), kaka(eru)"
放;8;hoo;"hana(su), hana(tsu), hana(reru), hoo(ru)"
法;8;"hoo, [haQ], [hoQ]";-
泡;8;hoo;awa
胞;9;hoo;-
俸;10;hoo;-
倣;10;hoo;nara(u)
峰;10;hoo;mine
砲;10;hoo;-
崩;11;hoo;"kuzu(reru), kuzu(su)"
訪;11;hoo;"otozu(reru), tazu(neru)"
報;12;hoo;muku(iru)
蜂;13;hoo;hachi
豊;13;hoo;yuta(ka)
飽;13;hoo;"a(kiru), a(kasu)"
褒;15;hoo;ho(meru)
縫;16;hoo;nu(u)
亡;3;"boo, [moo]";na(-i)
乏;4;boo;tobo(shii)
忙;6;boo;isoga(shii)
坊;7;"boo, [boQ]";-
妨;7;boo;samata(geru)
忘;7;boo;wasu(reru)
防;7;boo;fuse(gu)
房;8;boo;fusa
肪;8;boo;-
某;9;boo;-
冒;9;boo;oka(su)
剖;10;boo;-
紡;10;boo;tsumu(gu)
望;11;"boo, 	moo";nozo(mu)
傍;12;boo;katawa(ra)
帽;12;boo;-
棒;12;boo;-
貿;12;boo;-
貌;14;boo;-
暴;15;"boo, [baku]";"aba(ku), aba(reru)"
膨;16;boo;"fuku(ramu), fuku(reru)"
謀;16;"boo, [mu]";haka(ru)
頬;16;hoo;-
北;5;hoku;kita
木;4;"boku, 	moku";"ki, [ko]"
朴;6;boku;-
牧;8;boku;maki
睦;13;boku;-
僕;14;boku;-
墨;14;boku;sumi
撲;15;boku;-
没;7;botsu;-
勃;9;botsu;-
堀;11;-;hori
本;5;hon;moto
奔;8;hon;-
翻;18;hon;"hirugae(ru), hirugae(su)"
凡;3;"bon, [han]";-
盆;9;bon;-
麻;11;ma;asa
摩;15;ma;-
磨;16;ma;miga(ku)
魔;21;ma;-
毎;6;mai;-
妹;8;mai;imooto
枚;8;mai;-
昧;9;mai;-
埋;10;mai;"u(meru), u(maru), u(moreru)"
幕;13;"maku, 	baku";-
膜;14;maku;-
枕;8;-;makura
又;2;-;mata
末;5;"matsu, 	batsu";sue
抹;8;matsu;-
万;3;"man, 	ban";-
満;12;man;"mi(chiru), mi(tasu)"
慢;14;man;-
漫;14;man;-
未;5;mi;-
味;8;mi;"aji, aji(wau)"
魅;15;mi;-
岬;8;-;misaki
密;11;mitsu;-
蜜;14;mitsu;-
脈;10;myaku;-
妙;7;myoo;-
民;5;min;tami
眠;10;min;"nemu(ru), nemu(i)"
矛;5;mu;hoko
務;11;mu;"tsuto(meru), tsuto(maru)"
無;12;"mu, 	bu";na(i)
夢;13;mu;yume
霧;19;mu;kiri
娘;10;-;musume
名;6;"mei, 	myoo";na
命;8;"mei, 	myoo";inochi
明;8;"mei, 	myoo";"a(kari), aka(rui), aka(rumu), aka(ramu), aki(raka), a(keru), a(ku), a(kuru), a(kasu)"
迷;9;mei;mayo(u)
冥;10;"mei, myoo";-
盟;13;mei;-
銘;14;mei;-
鳴;14;mei;"na(ku), na(ru), na(rasu)"
滅;13;metsu;"horo(biru), horo(bosu)"
免;8;men;manuka(reru)
面;9;men;"omo, omote, tsura"
綿;14;men;wata
麺;16;men;-
茂;8;mo;shige(ru)
模;14;"mo, 	bo";-
毛;4;moo;ke
妄;6;"moo, 	boo";-
盲;8;moo;-
耗;10;"moo, [koo]";-
猛;11;moo;-
網;14;moo;ami
目;5;"moku, [boku]";"me, [ma]"
黙;15;moku;dama(ru)
門;8;mon;kado
紋;10;mon;-
問;11;mon;"to(u), to(i), [ton]"
冶;7;ya;-
夜;8;ya;"yo, yoru"
野;11;ya;no
弥;8;-;ya
厄;4;yaku;-
役;7;"eki, 	yaku";-
約;9;yaku;-
訳;11;yaku;wake
薬;16;yaku;kusuri
躍;21;yaku;odo(ru)
闇;17;-;yami
由;5;"yu, yuu, [yui]";yoshi
油;8;yu;abura
喩;12;yu;-
愉;12;yu;-
諭;16;yu;sato(su)
輸;16;yu;-
癒;18;yu;"i(eru), i(yasu)"
唯;11;"yui, [i]";-
友;4;yuu;tomo
有;6;"yuu, 	u";a(ru)
勇;9;yuu;isa(mu)
幽;9;yuu;-
悠;11;yuu;-
郵;11;yuu;-
湧;12;yuu;wa(ku)
猶;12;yuu;-
裕;12;yuu;-
遊;12;"yuu, [yu]";aso(bu)
雄;12;yuu;"o, osu"
誘;14;yuu;saso(u)
憂;15;yuu;"ure(eru), ure(i), u(i)"
融;16;yuu;-
優;17;yuu;"yasa(shii), sugu(reru)"
与;3;yo;ata(eru)
予;4;yo;-
余;7;yo;"ama(ru), ama(su)"
誉;13;yo;homa(re)
預;13;yo;"azu(keru), azu(karu)"
幼;5;yoo;osana(i)
用;5;yoo;mochi(iru)
羊;6;yoo;hitsuji
妖;7;yoo;aya(shii)
洋;9;yoo;-
要;9;yoo;"kaname, i(ru)"
容;10;yoo;-
庸;11;yoo;-
揚;12;yoo;"a(geru), a(garu)"
揺;12;yoo;"yu(reru), yu(ru), yu(ragu), yu(rugu), yu(suru), yu(saburu), yu(suburu)"
葉;12;yoo;ha
陽;12;yoo;-
溶;13;yoo;"to(keru), to(kasu), to(ku)"
腰;13;yoo;koshi
様;14;yoo;sama
瘍;14;yoo;-
踊;14;yoo;"odo(ru), odo(ri)"
窯;15;yoo;kama
養;15;yoo;yashina(u)
擁;16;yoo;-
謡;16;yoo;"utai, uta(u)"
曜;18;yoo;-
抑;7;yoku;osa(eru)
沃;7;yoku;-
浴;10;yoku;"a(biru), a(biseru)"
欲;11;yoku;"hos(suru), ho(shii)"
翌;11;yoku;-
翼;17;yoku;tsubasa
拉;8;ra;-
裸;13;ra;hadaka
羅;19;ra;-
来;7;rai;"ku(ru), kita(ru), kita(su)"
雷;13;rai;kaminari
頼;16;rai;"tano(mu), tano(moshii), tayo(ru)"
絡;12;raku;"kara(mu), kara(maru), kara(meru)"
落;12;raku;"o(chiru), o(tosu)"
酪;13;raku;-
辣;14;ratsu;-
乱;7;ran;"mida(reru), mida(su)"
卵;7;ran;tamago
覧;17;ran;-
濫;18;ran;-
藍;18;ran;ai
欄;20;ran;-
吏;6;ri;-
利;7;ri;ki(ku)
里;7;ri;sato
理;11;ri;-
痢;12;ri;-
裏;13;ri;ura
履;15;ri;ha(ku)
璃;15;ri;-
離;19;ri;"hana(reru), hana(su)"
陸;11;riku;-
立;5;"ritsu, [ryuu]";"ta(tsu), ta(teru)"
律;9;"ritsu, [richi]";-
慄;13;ritsu;-
略;11;ryaku;-
柳;9;ryuu;yanagi
流;10;"ryuu, [ru]";"naga(reru), naga(su)"
留;10;"ryuu, [ru]";"to(meru), to(maru)"
竜;10;ryuu;tatsu
粒;11;ryuu;tsubu
隆;11;ryuu;-
硫;12;ryuu;-
侶;9;ryo;-
旅;10;ryo;tabi
虜;13;ryo;-
慮;15;ryo;-
了;2;ryoo;-
両;6;ryoo;-
良;7;ryoo;yo(i)
料;10;ryoo;-
涼;11;ryoo;"suzu(shii), suzu(mu)"
猟;11;ryoo;-
陵;11;ryoo;misasagi
量;12;ryoo;haka(ru)
僚;14;ryoo;-
領;14;ryoo;-
寮;15;ryoo;-
療;17;ryoo;-
瞭;17;ryoo;-
糧;18;"ryoo, [roo]";kate
力;2;"ryoku, 	riki";chikara
緑;14;"ryoku, [roku]";midori
林;8;rin;hayashi
厘;9;rin;-
倫;10;rin;-
輪;15;rin;wa
隣;16;rin;"tona(ru), tonari"
臨;18;rin;nozo(mu)
瑠;14;ru;-
涙;10;rui;namida
累;11;rui;-
塁;12;rui;-
類;18;rui;tagu(i)
令;5;rei;-
礼;5;"rei, 	rai";-
冷;7;rei;"tsume(tai), hi(eru), hi(ya), hi(yasu), hi(yakasu), sa(meru), sa(masu)"
励;7;rei;"hage(mu), hage(masu)"
戻;7;rei;"modo(ru), modo(su)"
例;8;rei;tato(eru)
鈴;13;"rei, 	rin";suzu
零;13;rei;-
霊;15;"rei, 	ryoo";tama
隷;16;rei;-
齢;17;rei;-
麗;19;rei;uruwa(shii)
暦;14;reki;koyomi
歴;14;reki;-
列;6;retsu;-
劣;6;retsu;oto(ru)
烈;10;retsu;-
裂;12;retsu;"sa(ku), sa(keru)"
恋;10;ren;"ko(u), koi, koi(shii)"
連;10;ren;"tsura(naru), tsura(neru), tsu(reru)"
廉;13;ren;-
練;14;ren;ne(ru)
錬;16;ren;-
呂;7;ro;-
炉;8;ro;-
賂;13;ro;-
路;13;ro;ji
露;21;"ro, [roo]";tsuyu
老;6;roo;"o(iru), fu(keru)"
労;7;roo;-
弄;7;roo;moteaso(bu)
郎;9;roo;-
朗;10;roo;hoga(raka)
浪;10;roo;-
廊;12;roo;-
楼;13;roo;-
漏;14;roo;"mo(ru), mo(reru), mo(rasu)"
籠;22;roo;"kago, ko(moru)"
六;4;roku;"mu, mu(tsu), mut(tsu), [mui]"
録;16;roku;-
麓;19;roku;fumoto
論;15;ron;-
和;8;"wa, [o]";"yawa(ragu), yawa(rageru), nago(mu), nago(yaka)"
話;13;wa;"hana(su), hanashi"
賄;13;wai;makana(u)
脇;10;-;waki
惑;12;waku;mado(u)
枠;8;-;waku
湾;12;wan;-
腕;12;wan;ude
